industry,country
Finance,United States
Retail,United States
Retail,United States
Finance,United States
Finance,United States
Retail,United States
Finance,United States
Retail,India
Retail,United States
Finance,United States
Finance,United States
Finance,United States
Finance,United States
Finance,United States
Finance,United States
Finance,United States
Finance,United States
Retail,India
Finance,United States
Retail,United States
Finance,United States
Finance,United States
Finance,United States
Finance,United States
Retail,United States
Retail,United States
Finance,United States
Finance,United States
Finance,United States
Finance,India
Finance,United States
Retail,United States
Finance,United States
Retail,United States
Finance,India
Finance,United States
Retail,United States
Retail,India
Finance,United States
Finance,United States
Retail,United States
Retail,India
Retail,United States
Finance,United States
Finance,United States
Finance,United States
Retail,United States
Finance,United States
Finance,United States
Retail,United States
Finance,United States
Retail,United States
Finance,United States
Finance,United States
Retail,United States
Finance,United States
Retail,United States
Retail,India
Retail,United States
Finance,United States
Finance,United States
Finance,India
Retail,United States
Finance,United States
Retail,United States
Finance,United States
Finance,United States
Retail,United States
Finance,United States
Retail,United States
Finance,United States
Retail,United States
Retail,United States
Retail,United States
Retail,United States
Retail,India
Finance,United States
Finance,United States
Finance,United States
Finance,United States
Retail,United States
Finance,United States
Retail,India
Finance,United States
Finance,United States
Retail,United States
Retail,United States
Finance,India
Retail,United States
Finance,United States
Finance,United States
Finance,United States
Finance,United States
Finance,United States
Finance,United States
Finance,United States
Finance,United States
Finance,United States
Retail,United States
Finance,United States
Finance,United States
Finance,United States
Retail,United States
Finance,United States
Retail,United States
Finance,United States
Finance,United States
Finance,United States
Retail,India
Finance,United States
Retail,India
Retail,India
Retail,United States
Retail,India
Finance,United States
Retail,United States
Finance,India
Finance,United States
Retail,United States
Retail,United States
Finance,United States
Finance,United States
Finance,United States
Retail,United States
Retail,United States
Retail,United States
Retail,United States
Finance,United States
Finance,United States
Finance,India
Finance,United States
Finance,United States
Retail,United States
Retail,United States
Finance,United States
Finance,United States
Finance,India
Finance,India
Retail,United States
Finance,United States
Retail,United States
Finance,United States
Finance,United States
Finance,United States
Retail,United States
Finance,United States
Retail,United States
Finance,United States
Finance,United States
Retail,India
Finance,United States
Finance,India
Retail,United States
Finance,United States
Retail,United States
Finance,United States
Finance,United States
Finance,United States
Finance,United States
Finance,United States
Finance,United States
Retail,United States
Finance,United States
Finance,United States
Retail,United States
Retail,United States
Finance,India
Finance,United States
Retail,United States
Finance,United States
Retail,United States
Retail,India
Finance,United States
Retail,United States
Retail,United States
Finance,United States
Retail,United States
Finance,United States
Finance,United States
Finance,United States
Retail,India
Finance,United States
Finance,United States
Retail,United States
Finance,United States
Retail,United States
Retail,United States
Finance,United States
Finance,United States
Retail,United States
Retail,United States
Finance,United States
Retail,United States
Retail,United States
Retail,United States
Finance,India
Retail,India
Retail,United States
Finance,United States
Finance,India
Finance,United States
Retail,United States
Retail,United States
Finance,United States
Finance,United States
Retail,United States
Retail,United States
Retail,United States
Retail,United States
Retail,United States
Retail,United States
Retail,United States
Retail,United States
Retail,United States
Finance,United States
Retail,United States
Retail,United States
Retail,United States
